term_id	parent_id
D006298	D006281
D012186	D000008
D000014	D000013
D012857	D000013
D000015	D000013
D018376	D000013|D002318
D004065	D000013|D004066
D005124	D000013|D005128
D044148	D000013|D008206
D018640	D000013|D009057
D009139	D000013|D009140
D000016	D000013|D011832
D015619	D000013|D012140
D012868	D000013|D012871
D050033	D000013|D013959
D025063	D000013|D030342
D011535	D000015
D014849	D000015
D054062	D000015|D001766|D003638
D058502	D000015|D009436
D005736	D000015|D011125
D000026	D000022
D001922	D000038|D001927|D002494
D010482	D000038|D010485
D020802	D000038|D013118|D020819|D002494
D000039	D000038|D014069
D007732	D000067011
D020817	D000067877
D000275	D000068099
D040921	D000068099
D001714	D000068105
D004351	D000069437
D018792	D000069544|D020805
D003025	D000070558
D005413	D000070558
D019534	D000070599|D007592
D013716	D000070639|D001134
D013586	D000070779
D002285	D000071960|D000230|D018299
D010144	D000071960|D002285
D009011	D000072039|D014458
D007119	D000072281|D008232
D020788	D000072661|D007027|D012174
D002925	D000072661|D010038|D012140
D056769	D000072661|D015417|D012174
D016767	D000072661|D015529
D006623	D000072661|D020752|D000798
D058365	D000072742|D002177
D016469	D000072742|D018805
D018887	D000073376
D001907	D000073605
D012373	D000073605
D002644	D000073618
D006562	D000073618
D021183	D000074924
D021184	D000074924
D006327	D000075224|D001145
D011226	D000075224|D001145
D013610	D000075224|D001145
D008133	D000075224|D001145|D006330
D053840	D000075224|D030342|D001145
D002105	D000075322
D007855	D000075322
D008630	D000075322
D001129	D000075322|D010859
D020149	D000075322|D020260
D004238	D000076385
D002282	D000077192
D017282	D000079426
D008288	D000079426|D011528
D014353	D000079426|D014352
D014355	D000079426|D014352
D009293	D000079524
D019578	D000080874|D001480|D009069|D054969
D010300	D000080874|D020734
D000741	D000080983|D000740
D000080984	D000080983|D007232
D018370	D000081207
D000081208	D000081207
D065310	D000081483|D002578
D000138	D000137
D000140	D000138
D007662	D000138
D020338	D000160
D000196	D000193
D009164	D000193
D009617	D000193
D003354	D000193
D000231	D000230
D002293	D000230
D003528	D000230
D018262	D000230
D018263	D000230
D018267	D000230
D018281	D000230
D057090	D000230
D018268	D000230|D000306
D002292	D000230|D007680
D006528	D000230|D008113
D002822	D000230|D014328
D002288	D000230|D018297
D003536	D000230|D018297
D018277	D000230|D018297
D018279	D000230|D018297
D010145	D000230|D018299
D044584	D000230|D018299
D002276	D000230|D018358
D018278	D000230|D018358
D018265	D000231|D018263
D000314	D000236
D002759	D000236
D018253	D000236
D018256	D000236
D018248	D000236|D008113
D007516	D000236|D010190
D015175	D000236|D010911
D049913	D000236|D010911
D008949	D000236|D018193
D003537	D000236|D018297
D008654	D000236|D018301
D018254	D000236|D018301
D000237	D000236|D018358
D000238	D000236|D018358
D000239	D000236|D018358
D000258	D000257
D005184	D000291
D010049	D000291|D006058
D000292	D000291|D034161
D010249	D000292
D000306	D000303|D000310
D018246	D000306
D000303	D000307
D000308	D000307
D000309	D000307
D000312	D000307|D030342|D043202|D047808
D003480	D000308
D006929	D000308
D006994	D000309
D005862	D000377
D009503	D000380
D016115	D000417
D016116	D000417
D016117	D000417
D002609	D000417|D000081207|D010585
D000506	D000505
D058247	D000505
D026441	D000529
D005203	D000542|D000382
D012832	D000542|D000382
D001716	D000542|D009784
D000474	D000592
D056693	D000592
D003555	D000608
D000648	D000647
D020324	D000647
D016657	D000686|D002539
D028226	D000686|D008661
D000743	D000740
D000748	D000740
D012010	D000740
D000747	D000740
D000751	D000740|D007232
D000750	D000740|D009196
D000742	D000745
D000746	D000745
D004612	D000745
D013103	D000745
D005955	D000745|D002239
D000755	D000745|D006453
D006445	D000745|D006453
D013789	D000745|D006453
D000749	D000748
D000752	D000749|D014806
D005330	D000751
D000754	D000753
D056586	D000755|D008171|D012120
D009006	D000782
D000784	D000783
D000789	D000787
D000788	D000789
D007715	D000798
D054179	D000799|D000081208
D001715	D000820
D002371	D000820
D002418	D000820
D004283	D000820
D005393	D000820
D006734	D000820
D007794	D000820
D009137	D000820
D010319	D000820
D012376	D000820
D012757	D000820
D013553	D000820
D015511	D000820
D018419	D000820
D000034	D000820|D000022
D000187	D000820|D000189
D004767	D000820|D003015
D015047	D000820|D007239
D006520	D000820|D007239|D006505
D007639	D000820|D007637|D015818
D010283	D000820|D009165
D011002	D000820|D009175
D015674	D000820|D009371
D000694	D000820|D009371|D001005
D010273	D000820|D010272
D058968	D000820|D010273
D053489	D000820|D010322
D005536	D000820|D010850
D009234	D000820|D011213
D012481	D000820|D012480
D000453	D000820|D012897|D010322|D002609
D054243	D000820|D013280|D018353
D014685	D000820|D014565
D013231	D000820|D014811
D006357	D000820|D016873
D005535	D000820|D016905
D000712	D000820|D016905|D017282|D000711
D004889	D000820|D016908
D034081	D000820|D017096
D058066	D000820|D017192
D012301	D000820|D018185
D029021	D000820|D018185
D011557	D000820|D020805|D006566
D004195	D000820|D023421|D008954
D001837	D000886|D001824
D001005	D001004|D012004
D000379	D001008
D009449	D001008
D009771	D001008
D010698	D001008
D016584	D001008
D009497	D001008|D001523
D017544	D001014
D017545	D001014
D001015	D001018
D001014	D001018|D000783
D007925	D001018|D001157
D021922	D001020
D001020	D001024
D021921	D001024
D012891	D001049|D020919
D000856	D001068
D019959	D001068
D052018	D001068
D010842	D001068|D012817
D020240	D001072
D020235	D001072|D020233
D010217	D001102|D002044
D000357	D001102|D004266|D017282|D013553
D003715	D001102|D006482|D018177
D015004	D001102|D006482|D018177
D012295	D001102|D006524|D006482|D002044
D000355	D001102|D012088|D006734
D001819	D001102|D012088|D012757
D003121	D001102|D012088|D017282
D009265	D001102|D012757|D017282|D002044
D006479	D001102|D017282|D006482|D002044
D006481	D001102|D017282|D006482|D018177
D007733	D001102|D017282|D006482|D018177
D000071243	D001102|D018177
D007835	D001117|D006482
D008216	D001117|D008587
D005543	D001134
D006810	D001134|D050723
D001282	D001145
D014693	D001145
D001146	D001145
D001161	D001157
D005352	D001157
D001162	D001161
D050197	D001161
D050379	D001161
D003324	D001161|D003327
D007383	D001161|D012816
D002537	D001161|D020765
D004692	D001167
D002805	D001168|D000070657
D010489	D001168|D002062
D006073	D001168|D011686|D000070657|D012216
D010003	D001168|D012216
D012213	D001168|D013290|D012216
D005258	D001172
D012218	D001172
D016706	D001172
D056653	D001172|D056647
D013224	D001249
D059366	D001249|D009784
D005909	D001254
D002524	D001259|D002526
D008878	D001261
D009133	D001284|D020879
D001308	D001304|D003072|D010468
D016736	D001327
D000069281	D001327|D000072659
D000224	D001327|D000309
D000744	D001327|D000743
D001171	D001327|D001168|D012216
D001172	D001327|D001168|D012216
D008180	D001327|D003240
D003874	D001327|D003872|D012872
D003922	D001327|D003920
D005922	D001327|D005921
D015433	D001327|D005921
D019867	D001327|D005921|D017563
D016553	D001327|D006474|D011696
D019693	D001327|D006521
D006111	D001327|D006980|D006042|D005094
D020274	D001327|D009422
D010391	D001327|D012872
D010392	D001327|D012872
D062027	D001327|D012872
D013967	D001327|D013966
D009879	D001327|D015864
D056735	D001327|D030342|D008232
D056648	D001327|D056647
D054969	D001342
D001206	D001361
D014802	D001361
D014804	D001361
D014808	D001361
D014811	D001361
D001424	D001423
D009181	D001423
D016905	D001424
D016908	D001424
D020806	D001424|D002494
D015231	D001424|D012749
D017192	D001424|D012874
D015818	D001424|D015817
D016470	D001424|D018805
D003665	D001469
D014205	D001474
D002372	D001474|D008199
D001474	D001476
D020144	D001480|D002561
D020150	D001480|D002819|D011248
D020734	D001480|D009069
D009459	D001480|D020258
D013494	D001480|D024801|D009886|D009069
D001526	D001519
D012309	D001519
D001519	D001520
D000068099	D001523
D001008	D001523
D004213	D001523
D010262	D001523
D013001	D001523
D019964	D001523
D019965	D001523
D020018	D001523
D001068	D001523
D010554	D001523
D065886	D001523
D000068105	D001523
D019967	D001523
D019960	D001523
D007174	D001523
D011603	D001525|D010827|D026441|D011579
D002761	D001649
D002779	D001649
D003137	D001649
D001656	D001649|D004065
D015529	D001649|D004065|D003560
D003138	D001650|D003137
D001649	D001660
D002769	D001660
D005705	D001660
D001661	D001660|D004067
D001650	D001661|D001649
D012038	D001686
D010827	D001690
D011201	D001715
D008289	D001715|D008288
D005585	D001715|D009976
D005586	D001715|D011213
D014379	D001715|D014376
D055761	D001715|D014777
D009521	D001715|D045463
D064927	D001733
D003556	D001745
D014718	D001745
D001750	D001745|D009461
D001748	D001745|D014524
D001744	D001745|D014545
D053201	D001745|D059411
D019575	D001766
D020757	D001766
D020147	D001778
D013921	D001791
D013922	D001791|D009196
D010265	D001796|D007160
D006942	D001796|D007160|D012816
D018455	D001796|D019851|D001778
D042541	D001825|D022082
D006257	D001829
D050177	D001835
D007570	D001845|D007571
D010000	D001847
D013122	D001847
D015576	D001847
D055034	D001847
D001848	D001847
D004839	D001847
D017760	D001847
D010007	D001847|D002357
D001845	D001847|D003560
D010005	D001847|D007592
D001862	D001847|D016723
D004413	D001848
D005877	D001848|D006964|D001849
D005660	D001848|D009139
D010009	D001848|D030342
D004392	D001848|D030342|D004700
D008382	D001848|D030342|D006330|D000015|D003240
D010002	D001849
D010019	D001850
D010522	D001850
D010024	D001851
D009190	D001855
D009196	D001855
D054437	D001855
D000080983	D001855
D005266	D001859
D050398	D001859
D012888	D001859
D000387	D001862
D010014	D001862
D014917	D001885|D012141
D008193	D001899|D016905|D017282
D012061	D001899|D017282
D016781	D001922|D014123|D020808
D002547	D001925
D000405	D001927
D001480	D001927
D001929	D001927
D002526	D001927
D004660	D001927
D004678	D001927
D004827	D001927
D006849	D001927
D007027	D001927
D013786	D001927
D019150	D001927
D019585	D001927
D019586	D001927
D020773	D001927
D001925	D001927
D056784	D001927
D002534	D001927
D020236	D001927|D000647
D001304	D001927|D012181
D017590	D001928|D003711
D054319	D001928|D003711
D007647	D001928|D004899|D006932
D012202	D001928|D005234
D020739	D001928|D008661
D014899	D001928|D013832|D019973
D006501	D001928|D017093
D017237	D001928|D017240
D020208	D001930|D001925
D004834	D001930|D004827
D002551	D001932
D015173	D001932
D015192	D001932
D005348	D001941
D006177	D001941
D047688	D001941|D003560
D018567	D001943
D058922	D001943
D064726	D001943
D001987	D001982
D002283	D001984|D008175
D001989	D001988
D001988	D001991
D002007	D002006|D000034|D002418
D018778	D002044
D002115	D002114
D009397	D002114|D007674
D017675	D002114|D011928|D013684|D045745|D015154
D002114	D002128
D011547	D002128|D008664|D001851
D006934	D002128|D014883
D002178	D002177|D003881
D002179	D002177|D003881
D006008	D002239
D018981	D002239
D015318	D002239
D015323	D002239
D009100	D002239|D000592
D009081	D002239|D001851|D020140
D006960	D002239|D006959
D005645	D002239|D020140
D005693	D002239|D020739
D008303	D002276
D000230	D002277
D002278	D002277
D002295	D002277
D018286	D002277
D018287	D002277
D018288	D002277
D065646	D002277
D002286	D002277|D009374
D002287	D002277|D009374
D002281	D002277|D018295
D018290	D002278
D019048	D002278
D000071960	D002278|D001943
D002289	D002283
D055752	D002283
D008039	D002293
D001913	D002294
D024741	D002312|D030342
D006331	D002318
D014652	D002318
D016893	D002340|D001157
D002341	D002340|D002542
D011081	D002357
D013991	D002357
D046789	D002357
D005254	D002371|D010322
D016181	D002371|D016180|D012897
D016766	D002371|D018352
D008414	D002418
D050072	D002418
D016643	D002418|D017096
D002430	D002429|D007414
D001063	D002430
D022003	D002467
D001752	D002471|D015464
D022082	D002477
D054517	D002481|D009916
D001927	D002493
D008581	D002493
D009069	D002493
D013118	D002493
D004679	D002493|D002494
D020819	D002494
D000069544	D002494|D004660
D020754	D002524|D013132
D020925	D002534|D002545
D015140	D002537|D003704|D002561|D056784
D009072	D002539|D002340|D001157
D020766	D002542
D020767	D002542
D020243	D002544|D002539
D020244	D002544|D002539
D020762	D002544|D002539
D015161	D002544|D015140
D002546	D002545
D014715	D002545
D016545	D002551
D002340	D002561
D002545	D002561
D020301	D002561
D020521	D002561
D020765	D002561
D059345	D002561
D020300	D002561|D006470
D007969	D002561|D007235|D004678
D002575	D002577
D002579	D002577
D002581	D002577|D000026
D002578	D002577|D011230
D004169	D002590
D004443	D002590
D006925	D002590
D013622	D002590
D008989	D002590|D006374
D000069437	D002620
D000787	D002637|D017202
D000067877	D002659
D008219	D002690
D003235	D002690|D003234
D023521	D002694
D002690	D002694|D015231
D041881	D002764
D042101	D002764
D042882	D002769|D002137|D041761
D042883	D002769|D003137
D001651	D002779
D057792	D002779
D018902	D002806|D018901
D018211	D002813
D018245	D002822
D031954	D002822
D012729	D002869
D059785	D002875
D012303	D002875|D002869
D008593	D002979
D005738	D003015
D013742	D003015
D004761	D003015|D004760
D012523	D003048
D014123	D003048
D021865	D003048
D021866	D003048
D003457	D003048|D007411|D011529
D060825	D003072
D046728	D003092
D017091	D003092|D014652
D007627	D003095|D002921
D010013	D003095|D010009|D030342
D017441	D003095|D012871
D009394	D003095|D014564|D009393
D008342	D003103|D003394
D003109	D003108
D008531	D003108
D012810	D003108
D059269	D003108
D043963	D003108
D043183	D003109
D055496	D003109
D055847	D003123
D001657	D003137
D007806	D003147
D000868	D003161
D003693	D003221|D019965
D003231	D003229
D011625	D003229
D059407	D003229
D014985	D003229|D015352
D007637	D003231|D007634
D003234	D003231|D015818
D003232	D003236|D004769
D006097	D003238
D003095	D003240
D008947	D003240
D017520	D003240
D065134	D003240
D010023	D003240|D010026
D003483	D003240|D012873
D054061	D003286|D003161
D004387	D003286|D005350|D003240
D007634	D003316
D007640	D003316
D015715	D003316
D003318	D003316
D014141	D003316|D002690|D003234
D005642	D003317
D053559	D003317
D001112	D003318
D003329	D003327
D023921	D003327
D003323	D003327|D000783
D003328	D003327|D013927
D063748	D003330|D001159
D018176	D003333
D018352	D003333
D004165	D003354
D006232	D003384
D011000	D003384
D020421	D003389
D020431	D003389
D020432	D003389
D020436	D003389
D020437	D003389
D009901	D003389|D005128
D015835	D003389|D005128|D002493
D003390	D003389|D010524|D009423
D000160	D003389|D012181
D019574	D003390|D009901
D006210	D003394
D006972	D003394
D000168	D003398|D013576
D018282	D003536
D018283	D003536
D018291	D003537
D018292	D003537
D018856	D003556
D053653	D003556|D011702
D010310	D003560
D010864	D003560
D013955	D003560
D014496	D003560
D013581	D003560
D022083	D003593
D066088	D003643
D003645	D003643
D001361	D003677
D008275	D003677
D011191	D003677
D011488	D003677
D013540	D003677|D012757
D015154	D003680
D020232	D003704
D018888	D003704|D001037
D015526	D003704|D015658
D007562	D003704|D017096
D057174	D003704|D057177
D019595	D003715
D017213	D003731
D000567	D003744
D003784	D003788
D003789	D003788
D011671	D003788
D003809	D003788|D003804
D019589	D003817
D003865	D003866
D016574	D003866
D019263	D003866
D003875	D003872|D004342
D011855	D003872|D011832
D012628	D003872|D012625|D017444|D017443
D003873	D003872|D017443
D003877	D003872|D017443
D007402	D003872|D017443
D009450	D003872|D017443
D004485	D003872|D017443
D056150	D003875
D063926	D003875
D012713	D003875|D007105
D013262	D003875|D013280|D004892
D017453	D003877
D017449	D003877|D006968
D002862	D003881
D013174	D003881
D014010	D003881
D060368	D003881
D060605	D003881
D014005	D003881
D008271	D003881|D009617|D017192
D018500	D003919
D020790	D003919
D003924	D003920
D011236	D003920
D048909	D003920
D016640	D003920|D011248
D003923	D003924
D003930	D003925|D012164
D011379	D003933
D019937	D003933
D009460	D003943|D010808
D003968	D003967
D041981	D004064
D001006	D004065
D003965	D004065
D006627	D004065|D008531
D001660	D004066
D005767	D004066
D008107	D004066
D010182	D004066
D010532	D004066
D016154	D004066|D005402
D004067	D004066|D009371
D013031	D004169
D001525	D004191
D013577	D004194
D020721	D004195|D020274
D000072039	D004204|D050723
D009105	D004213
D008467	D004240|D007082|D004065
D000257	D004266
D006566	D004266
D010322	D004266
D011213	D004266
D018347	D004266
D027601	D004266
D018173	D004266
D006619	D004283
D006522	D004283|D006524|D000257
D004216	D004283|D018185
D007333	D004351|D006946
D004382	D004378|D004751
D004383	D004378|D013272
D010437	D004378|D013272
D013478	D004380
D001655	D004383|D001660
D046150	D004392
D050336	D004392
D003409	D004392|D007037|D001849
D004405	D004403|D004756
D017098	D004406
D017099	D004406
D004411	D004410|D019965
D020237	D004411
D007759	D004427
D010031	D004427
D010040	D004427
D012181	D004427
D063371	D004427
D018424	D004427|D002781
D006311	D004427|D012678
D006557	D004457|D003384
D053360	D004476
D053549	D004476|D009260
D004613	D004476|D010009
D008924	D004478
D009198	D004478
D013984	D004478
D058267	D004478
D010373	D004478|D012876
D004620	D004617
D011655	D004617|D008171
D017700	D004620
D013352	D004646
D004670	D004671|D002044
D004675	D004671|D017282|D018177
D004672	D004671|D018177
D004674	D004671|D018177
D014901	D004671|D018177
D004685	D004683
D020241	D004683
D020242	D004683
D059905	D004696
D004697	D004696|D053821|D001424
D000307	D004700
D006058	D004700
D010279	D004700
D013959	D004700
D001849	D004700|D001847
D010900	D004700|D007027
D004701	D004700|D009371
D003920	D004700|D044882
D000310	D004701|D000307
D009377	D004701|D009386|D009378
D010051	D004701|D010049|D005833
D010190	D004701|D010182|D004067
D009384	D004701|D010257
D010911	D004701|D010900|D007029
D013736	D004701|D013733|D005834
D007079	D004751|D007077
D004927	D004756
D007710	D004756
D011512	D004756
D012480	D004756
D015009	D004756
D020345	D004760
D003384	D004769
D004457	D004769
D004682	D004769|D013553
D013555	D004769|D013553
D053206	D004775
D000069079	D004781|D011827
D004781	D004787
D017681	D004802
D016603	D004802|D009135
D018315	D004806
D013223	D004812|D008433|D017531
D016107	D004820
D016109	D004820
D016110	D004820
D016108	D004820|D003095
D004828	D004827
D004829	D004827
D020195	D004827
D000073376	D004827
D020936	D004827|D007232
D017029	D004828
D020937	D004828
D020938	D004828
D004833	D004828|D000073376
D017034	D004828|D000073376
D004830	D004829
D004831	D004829|D000073376
D020190	D004831
D020191	D004831
D004887	D004889
D013554	D004889|D013553
D016463	D004890
D004933	D004935|D004065
D045723	D004935|D004238
D004941	D004935|D005759
D004932	D004935|D006975
D003680	D004935|D010608
D001471	D004935|D011230
D004939	D004935|D014947
D008309	D004939
D036982	D005096|D005534
D005097	D005096|D009386|D018216
D008850	D005124
D054514	D005124
D016569	D005124|D005141
D006871	D005124|D005902|D007232
D004479	D005124|D007906
D058497	D005124|D014564|D013576|D000015
D001248	D005128
D003229	D005128
D003316	D005128
D005141	D005128
D007766	D005128
D007905	D005128
D009798	D005128
D009916	D005128
D012030	D005128
D012164	D005128
D014603	D005128
D015422	D005128
D015814	D005128
D020255	D005128
D014786	D005128|D012678
D005132	D005128|D012816
D005142	D005134|D005153|D005141
D064090	D005134|D008223
D059545	D005134|D010257
D019572	D005134|D012164
D001762	D005141
D001763	D005141
D001764	D005141
D004483	D005141
D004774	D005141
D017043	D005141|D003560
D006726	D005141|D015818
D005156	D005155
D020331	D005155|D000015|D007232
D020433	D005156
D009110	D005162
D016735	D005162
D012488	D005184|D000292
D019115	D005208
D036981	D005208|D005534
D065626	D005234
D005235	D005234|D008108
D011248	D005261
D052776	D005261
D007873	D005271
D063647	D005315|D020751
D002821	D005322|D010922|D005315
D018214	D005350|D018213
D018223	D005354
D018319	D005354|D009455
D012185	D005355
D005358	D005357
D005359	D005357
D004154	D005368
D008118	D005368
D008368	D005368
D004184	D005368|D006374
D012719	D005368|D006374
D004605	D005368|D008209|D000079426
D009855	D005368|D012876
D001826	D005441
D000067208	D005512
D016269	D005512
D021181	D005512
D021182	D005512
D000074924	D005512
D036841	D005517
D001906	D005517|D003015|D020258|D020511
D012478	D005517|D012480
D013202	D005517|D013203
D005531	D005530
D000070558	D005532|D005531
D005533	D005534
D002270	D005667
D005892	D005674|D005891
D057831	D005674|D013924|D010608
D002640	D005687
D002764	D005705
D041761	D005705|D002769
D016537	D005733
D020143	D005733
D005757	D005756
D005758	D005756
D000076385	D005759
D003092	D005759|D003108
D004403	D005759|D007410
D004751	D005759|D007410
D004760	D005759|D007410
D015212	D005759|D007410
D005756	D005759|D013272
D004935	D005767
D005759	D005767
D007410	D005767
D013272	D005767
D005770	D005767|D004067
D014385	D005767|D014376
D004715	D005831
D006175	D005831
D014591	D005831
D014623	D005831
D014845	D005831
D000291	D005831
D004823	D005832
D010409	D005832
D011469	D005832
D013086	D005832
D018934	D005832|D001424
D013088	D005832|D003560
D007246	D005832|D005831
D012735	D005832|D005831
D006398	D005832|D006470
D014389	D005832|D014401
D005834	D005832|D014565
D014625	D005833|D014623
D010497	D005882
D019214	D005882
D006101	D005882|D006099|D007571
D005891	D005882|D007239
D005887	D005882|D009062
D005889	D005882|D055093
D005902	D005901
D015355	D005901
D015812	D005901
D057066	D005901|D009901
D001254	D005910
D004806	D005910
D009837	D005910
D018303	D005910
D018316	D005910
D008527	D005910|D018242
D005923	D005921
D005236	D005955|D005517|D000743|D010939
D005953	D006008
D006012	D006008
D006013	D006008
D006009	D006008|D020140
D006043	D006042
D006044	D006042
D006045	D006042
D007006	D006058
D011629	D006058
D013733	D006058|D005832
D012734	D006058|D014564
D018238	D006061|D018309|D009373
D006104	D006099
D017789	D006099
D049628	D006128|D001837
D005317	D006130|D005315
D005499	D006201
D006983	D006201
D007039	D006201
D056734	D006201|D000015|D012873
D005145	D006257
D005153	D006258
D001930	D006259|D001927
D065634	D006259|D009461
D008511	D006281
D012001	D006311
D034381	D006311
D006317	D006319
D011304	D006319
D052245	D006319|D012174|D054062
D000219	D006327
D002037	D006327
D054537	D006327
D012804	D006327|D001146
D001017	D006330
D003420	D006330
D004374	D006330
D004437	D006330
D004541	D006330
D006343	D006330
D013771	D006330
D014188	D006330
D018636	D006330
D054083	D006330
D003330	D006330
D002305	D006331
D004696	D006331
D006323	D006331
D006333	D006331
D006341	D006331
D006349	D006331
D009202	D006331
D010493	D006331
D011660	D006331
D000075224	D006331
D014694	D006331
D018754	D006331
D006322	D006331|D000783
D006332	D006331|D006984
D002275	D006331|D008303
D001145	D006331|D010335
D012214	D006331|D012213
D017682	D006331|D012816
D006338	D006331|D013899
D017202	D006331|D014652
D054143	D006333
D054144	D006333
D001028	D006343
D006344	D006343
D006345	D006343
D008185	D006344
D054092	D006344
D001022	D006349
D008944	D006349
D008946	D006349
D011665	D006349
D014262	D006349
D014264	D006349
D016127	D006349
D018785	D006349|D006330
D011666	D006349|D014694
D001024	D006349|D014694
D002590	D006373
D009349	D006373
D014201	D006373
D006374	D006373|D010273
D018323	D006390
D006390	D006391
D018324	D006391
D013341	D006391|D020752|D000798
D000740	D006402
D001778	D006402
D001791	D006402
D001796	D006402
D001855	D006402
D006474	D006402
D007960	D006402
D008708	D006402
D010198	D006402
D011086	D006402
D013436	D006402
D019851	D006402
D019337	D006402|D009371
D006453	D006402|D030342
D006402	D006425
D008206	D006425
D065766	D006463
D006395	D006470|D007592
D014884	D006474|D000309|D011693|D008585
D014813	D006474|D001361|D001778
D010981	D006474|D001791|D001778
D013920	D006474|D013922|D001778
D020141	D006474|D014652
D004211	D006474|D019851|D001778
D001606	D006474|D025861|D001791
D013915	D006474|D025861|D001791
D014842	D006474|D025861|D001791|D020147
D000347	D006474|D025861|D020147
D005166	D006474|D025861|D020147
D005168	D006474|D025861|D020147
D005171	D006474|D025861|D020147
D005173	D006474|D025861|D020147
D005175	D006474|D025861|D020147
D005177	D006474|D025861|D020147
D006467	D006474|D025861|D020147
D007020	D006474|D025861|D020147
D014923	D006474|D025861|D040181|D008231|D000081207
D002836	D006474|D025861|D040181|D020147
D019142	D006482|D018702
D006468	D006491|D010995
D006521	D006505
D019694	D006521|D006509
D019698	D006521|D006526
D006506	D006525|D004769
D003699	D006525|D012327
D016751	D006525|D012327
D006526	D006525|D018178
D006548	D006547
D046449	D006547
D004677	D006547|D009436
D008588	D006547|D009436
D006551	D006548
D006554	D006555|D007232
D007617	D006561
D006558	D006561|D005832|D015229|D005831
D006560	D006561|D008047
D031368	D006562
D006563	D006562|D015828
D003586	D006566
D019349	D006566
D000073618	D006566
D007241	D006566|D002418
D008304	D006566|D002418
D018250	D006607
D018251	D006607
D018252	D006607
D005265	D006620
D004803	D006646|D006099|D001847|D004802
D008065	D006685|D012873
D000724	D006725
D009332	D006725
D013319	D006734|D017206|D006374
D015490	D006800
D015491	D006800
D002820	D006828
D006850	D006849
D053018	D006869
D051556	D006932|D007232
D003414	D006933
D005878	D006933
D007566	D006933|D007567
D018149	D006943
D013547	D006945|D001342
D015228	D006949
D006951	D006949
D006962	D006961
D049950	D006961
D002032	D006963
D006966	D006964
D047748	D006964
D000172	D006964|D001849
D007105	D006967
D020315	D006967
D006969	D006967
D006968	D006967
D018876	D006967|D007280
D014924	D006967|D012213
D004342	D006967|D064420
D005512	D006969
D057765	D006969|D004802|D004941
D009290	D006970
D017593	D006970
D020177	D006970
D006974	D006973
D006977	D006973|D007674
D046110	D006973|D011248
D058437	D006973|D012164
D010547	D006976|D007232
D013971	D006980
D018382	D006981
D000012	D006995
D044903	D007003|D010182|D006946|D007232
D005058	D007006
D007713	D007006|D058533
D006995	D007009
D052456	D007009
D004393	D007018|D004392|D001849
D007849	D007027|D000015
D000505	D007039|D020763
D016111	D007057|D008064|D012873
D016112	D007057|D012873
D053560	D007057|D012873
D016113	D007057|D012873
D019449	D007079
D001183	D007105
D017074	D007153
D004406	D007153|D001796
D000361	D007153|D001796|D008232
D006800	D007153|D012192
D001327	D007154
D006086	D007154
D006967	D007154
D007153	D007154
D007160	D007154
D015432	D007154|D005921
D004899	D007154|D006402|D005315|D007232
D011696	D007154|D011693|D057049
D018783	D007172
D005391	D007174
D014256	D007174
D000652	D007232
D001238	D007232
D007235	D007232
D012178	D007235|D012164
D054060	D007238|D011655
D009203	D007238|D017202
D020520	D007238|D020521|D002545
D010272	D007239
D014777	D007239
D034161	D007239
D059413	D007239
D000079426	D007239
D001423	D007239
D001170	D007239|D001168
D001850	D007239|D001847
D053821	D007239|D002318
D002494	D007239|D002493
D015817	D007239|D005128
D012749	D007239|D005832|D005831
D003428	D007239|D007049
D013492	D007239|D007249
D016459	D007239|D011183
D031261	D007239|D011201
D011251	D007239|D011248
D012141	D007239|D012140
D012874	D007239|D012871
D014552	D007239|D014570
D018805	D007239|D018746
D003141	D007239|D020969
D007247	D007246
D007248	D007246
D009845	D007248
D053713	D007248
D054331	D007248
D012700	D007249
D018746	D007249|D012769
D034062	D007319|D017096
D002429	D007410
D003108	D007410
D004378	D007410
D007415	D007410
D007416	D007410
D011006	D007410
D011504	D007410
D012002	D007410
D044483	D007410
D007077	D007410
D007579	D007410
D007414	D007410|D005770
D019053	D007410|D015658
D016776	D007411|D000562
D004404	D007411|D000562|D004403
D004030	D007411|D011528
D005873	D007411|D011528
D001447	D007411|D016770
D004379	D007414|D004378
D007078	D007414|D007077
D007161	D007414|D008223|D006362|D008232
D007443	D007415
D045823	D007415
D004380	D007415|D004378
D000343	D007415|D011183
D045822	D007415|D014102
D003111	D007417
D003112	D007418|D003109
D007421	D007422
D017889	D007499
D057129	D007499|D003316
D007340	D007516
D041781	D007565
D010855	D007569
D009807	D007570
D008336	D007571
D008439	D007571
D010483	D007571|D010510
D007573	D007571|D012888
D008339	D007573|D008336
D010157	D007573|D009062
D007580	D007579|D007414
D000844	D007592
D001168	D007592
D001177	D007592
D002062	D007592
D006833	D007592
D013585	D007592
D015838	D007592
D046788	D007592
D000070657	D007592
D003320	D007634|D015817
D007638	D007637|D015352
D002781	D007642
D017492	D007642
D056266	D007642|D004890|D012873
D055623	D007642|D011230
D007644	D007642|D012873
D017499	D007642|D012873
D007645	D007642|D012873
D010214	D007645
D016883	D007662|D048909|D003920
D006869	D007674
D006959	D007674
D007673	D007674
D007681	D007674
D009393	D007674
D009400	D007674
D009401	D007674
D010501	D007674
D014511	D007674
D051437	D007674
D052177	D007674
D059228	D007674
D012078	D007674|D001157
D003919	D007674|D010900
D014398	D007674|D014401
D001002	D007674|D014555
D016263	D007674|D015658
D017044	D007690
D004420	D007744
D005322	D007744
D015834	D007759
D015837	D007759
D018159	D007759
D003607	D007766
D007767	D007766
D015352	D007766
D005687	D007775
D000849	D007806
D013064	D007806
D004410	D007806|D007859
D003440	D007827
D000067559	D007859
D060705	D007859
D016512	D007869
D007877	D007876
D018229	D007889
D018231	D007889
D007898	D007896
D016773	D007896
D002386	D007905
D007906	D007905
D056005	D007918
D056006	D007918
D014895	D007922
D007951	D007938
D016582	D007938|D002371|D012192
D016583	D007938|D006800|D002418
D007943	D007938|D008232
D007945	D007938|D008232
D007952	D007938|D009101
D007942	D007938|D009374
D015456	D007945
D015458	D007945
D015463	D007945
D015448	D007945
D015470	D007951
D015479	D007951
D015464	D007951|D009196
D023981	D007951|D012509
D015477	D007951|D054437
D054429	D007951|D054437
D054438	D007951|D054437
D007970	D007960
D018921	D007960
D004802	D007960
D010585	D007960|D007153
D007964	D007960|D010335
D010381	D007960|D030342
D007955	D007964|D009196
D000380	D007970
D008231	D007970|D007153
D002613	D008047
D006950	D008052|D006949
D006952	D008052|D006951
D006953	D008052|D006951|D015228
D006954	D008052|D006951|D015228
D008064	D008052|D052439
D052496	D008060
D013106	D008064|D020140
D062689	D008067
D000274	D008068
D018208	D008080
D008584	D008088|D016920
D008105	D008103|D002780
D008104	D008103|D008108
D005234	D008107
D006505	D008107
D006975	D008107
D048550	D008107
D002780	D008107|D002779
D008113	D008107|D004067
D008103	D008107|D005355
D006530	D008107|D007674
D015211	D008107|D007674|D020739|D000015|D018901
D020065	D008107|D008171
D008109	D008107|D010272
D014386	D008107|D014376
D006504	D008107|D014652
D010382	D008107|D014652
D006502	D008107|D020246
D006527	D008107|D020271|D008664|D001480|D020739|D009069
D008108	D008107|D020751
D019896	D008107|D030342|D008171|D013352
D056486	D008107|D064420|D011041
D006519	D008108|D006505
D029593	D008133
D029597	D008133
D050030	D008133
D003074	D008171
D006976	D008171
D008173	D008171
D011649	D008171
D011654	D008171
D011658	D008171
D016726	D008171
D017563	D008171
D019568	D008171
D001261	D008171
D012128	D008171|D012120
D008175	D008171|D012142
D055370	D008171|D013898
D055732	D008172|D001228
D001759	D008172|D003881
D001229	D008172|D055732|D012130
D029424	D008173
D001249	D008173|D012130|D001982
D001991	D008173|D012141|D001982
D010178	D008175
D047868	D008175
D000077192	D008175|D000230
D001984	D008175|D001982
D008179	D008178
D015435	D008179|D015434
D008181	D008180|D005921
D020945	D008180|D020293|D008590
D020042	D008199
D018191	D008202
D008199	D008206
D008200	D008206
D008205	D008206
D008209	D008206
D013158	D008206
D015614	D008206
D019310	D008206
D000072281	D008206
D008210	D008206|D003560
D008232	D008206|D007160
D013953	D008206|D013899
D004604	D008209
D006689	D008223
D008228	D008223
D008224	D008228
D016393	D008228
D016399	D008228
D016400	D008228
D020522	D008228
D018344	D008231
D005871	D008232
D012507	D008232
D015275	D008232
D055501	D008232
D057135	D008268
D001765	D008286
D002446	D008286
D013182	D008286
D045602	D008286
D064068	D008286
D008061	D008286|D000196
D020138	D008286|D000592|D014804
D016778	D008288
D016780	D008288
D016779	D008288|D020808
D008313	D008310
D017271	D008336|D009135
D006053	D008342
D058890	D008413
D012515	D008415
D034701	D008415
D034721	D008415
D034801	D008415
D008441	D008439|D007573
D008480	D008477
D008479	D008477|D013899
D011634	D008511|D006262|D004778
D008532	D008531
D018328	D008545
D000052	D008548
D007911	D008548
D000647	D008569|D019965
D008579	D008577|D009383|D009380
D001100	D008581
D008582	D008581
D008587	D008581|D020805
D008590	D008581|D020805|D002494|D004660
D016920	D008581|D020806
D008585	D008589|D016920
D000568	D008599
D011293	D008599
D003410	D008607|D025063|D000015
D003635	D008607|D025063|D000015
D004314	D008607|D025063|D000015
D002128	D008659
D010760	D008659
D011164	D008659
D019189	D008659
D028361	D008659
D044882	D008659
D049914	D008659
D057165	D008659
D000137	D008659
D014883	D008659
D052439	D008659
D001851	D008659|D001847
D001928	D008659|D001927
D024821	D008659|D007333
D008286	D008659|D007410
D012875	D008659|D012871
D008661	D008659|D030342
D000592	D008661
D002239	D008661
D006933	D008661
D008664	D008661
D011371	D008661
D011686	D008661
D016464	D008661
D018901	D008661
D043202	D008661
D020157	D008661
D008052	D008661|D052439
D007014	D008664
D010245	D008664|D009135
D006432	D008664|D019190
D009389	D008679
D020325	D008881
D020326	D008881
D062026	D008881|D010468|D014786
D005588	D008883
D023421	D008919
D008962	D008919
D014323	D008924
D012532	D008924|D012876
D008954	D008962
D008379	D008992|D006482|D018702
D019873	D008998
D018489	D009041
D003817	D009055
D008265	D009056
D002972	D009056|D007569
D002971	D009056|D008047
D014681	D009056|D010608
D009059	D009057
D014076	D009057
D002054	D009059
D004368	D009059
D007967	D009059
D008047	D009059
D009625	D009059
D009914	D009059
D010510	D009059
D012466	D009059
D013280	D009059
D014060	D009059
D017573	D009059
D002180	D009059|D002177
D008158	D009059|D002481
D005155	D009059|D003389
D011900	D009059|D003560
D005150	D009059|D005155
D008556	D009059|D005155
D020330	D009059|D005155|D006566
D052016	D009059|D005759
D009062	D009059|D006258
D017676	D009059|D008010
D005158	D009059|D010243
D014393	D009059|D014376
D009056	D009059|D018640
D007972	D009062|D007971
D008048	D009062|D008047
D014091	D009063|D014076
D020329	D009069
D020821	D009069
D008059	D009083
D009084	D009083
D009085	D009083
D009087	D009083
D016538	D009083
D028921	D009100
D028922	D009100
D020528	D009103
D020529	D009103
D055948	D009133
D009209	D009135
D009220	D009135
D012206	D009135
D020914	D009135
D020967	D009135
D020966	D009135
D003286	D009135|D007592
D020391	D009136
D039141	D009136
D049288	D009136
D006014	D009136|D006008
D014912	D009137
D006618	D009139
D055036	D009139
D019465	D009139
D017880	D009139
D055092	D009139|D002357|D007818
D007714	D009139|D004413
D013580	D009139|D004413
D001176	D009139|D009135|D007592
D002573	D009139|D013901
D020139	D009139|D046449
D001847	D009140
D005208	D009140
D007592	D009140
D005530	D009140
D002357	D009140|D003240
D012216	D009140|D003240
D007571	D009140|D009057
D009135	D009140|D009468
D002869	D009154|D010335
D015624	D009157
D020941	D009157
D014376	D009164
D009165	D009164
D007918	D009165
D015270	D009165
D016869	D009180
D009175	D009180
D001228	D009181
D002177	D009181
D003047	D009181
D003453	D009181
D005847	D009181
D006660	D009181
D010229	D009181
D016720	D009181
D016881	D009181
D020096	D009181
D060446	D009181
D000072742	D009181
D060586	D009181|D000542
D020314	D009181|D002494
D059249	D009181|D004427
D010854	D009181|D006201
D008172	D009181|D012141|D008171
D003881	D009181|D012874
D015821	D009181|D015817
D056267	D009182
D011051	D009187|D004769|D009468
D015493	D009187|D015490
D009471	D009188|D020278|D009902
D000753	D009190|D000740
D000756	D009190|D000740
D006457	D009190|D000743
D015467	D009196
D055728	D009196
D004915	D009196|D015470
D007000	D009198
D012610	D009198
D002313	D009202
D004695	D009202
D004719	D009202
D009205	D009202
D002312	D009202|D001020
D019571	D009202|D006330
D002311	D009202|D006332
D002598	D009202|D014355
D007625	D009202|D017246|D028361|D012174
D002310	D009202|D020751
D052120	D009202|D040181|D038901|D006008
D058088	D009202|D049288|D012120
D056988	D009203
D056989	D009203
D012207	D009214
D047728	D009216
D012208	D009217
D009221	D009220
D017285	D009220
D018979	D009220
D006556	D009293
D009021	D009293
D009304	D009302|D010612
D010020	D009336|D001847
D003790	D009336|D003788
D007238	D009336|D007511
D017188	D009349
D017190	D009349
D007815	D009349|D012876
D000013	D009358
D030342	D009358
D007232	D009358
D006222	D009369
D010257	D009369
D011230	D009369
D009371	D009369
D009378	D009369
D009370	D009369
D009374	D009369|D004195
D009385	D009369|D010335
D011252	D009369|D011248
D003560	D009369|D020763
D009386	D009369|D030342
D007938	D009370
D009373	D009370
D009375	D009370
D009383	D009370
D009808	D009370
D018193	D009370
D018309	D009370
D018326	D009370
D054219	D009370
D018190	D009370
D009380	D009370
D018204	D009370
D008223	D009370|D008232
D013899	D009371
D000008	D009371
D006258	D009371
D012983	D009371
D001859	D009371|D001847
D001943	D009371|D001941
D005134	D009371|D005128
D012878	D009371|D012871
D013160	D009371|D013158
D002804	D009372
D002812	D009372
D005870	D009372
D009232	D009372
D047708	D009372
D018218	D009372
D018213	D009372
D046152	D009372|D005770
D002813	D009372|D012509
D009236	D009372|D012509
D013584	D009372|D012509
D018227	D009372|D012509
D018228	D009372|D012509
D008415	D009372|D012871|D007105
D036821	D009372|D016889|D012509
D002817	D009373
D013724	D009373
D018236	D009373
D018237	D009373
D018243	D009373
D017599	D009373|D009380
D014328	D009373|D011252
D002284	D009374
D000236	D009375
D002277	D009375
D018297	D009375
D018301	D009375
D018307	D009375
D018295	D009375
D018299	D009375
D018294	D009375
D018761	D009377
D018813	D009377
D018814	D009377
D007889	D009379
D009214	D009379
D016586	D009379
D018235	D009379
D007890	D009379|D012509
D018234	D009379|D012509
D009217	D009379|D012509
D000794	D009383
D005918	D009383
D006391	D009383
D006393	D009383
D012514	D009383|D006566|D012509
D006394	D009383|D012509
D000182	D009384
D063646	D009385
D058249	D009386
D010580	D009386|D007911|D044483
D006223	D009386|D009378|D006222
D004416	D009386|D009506
D009396	D009386|D018193|D007680
D011125	D009386|D018256|D044483|D015179
D017253	D009386|D020271|D020752|D009455
D014402	D009386|D020271|D065703|D009378|D020752|D006222
D016864	D009386|D049914
D003123	D009386|D049914|D015179
D016510	D009389|D003316
D005921	D009393
D009395	D009393
D011702	D009393
D001449	D009395
D009402	D009401
D009404	D009401
D060545	D009408|D009437
D014855	D009410
D006832	D009421
D009436	D009421
D025962	D009421
D054220	D009421
D003616	D009421|D002526|D006849
D020863	D009421|D016543
D061085	D009421|D020763
D001342	D009422
D002493	D009422
D003389	D009422
D003711	D009422
D009468	D009422
D019636	D009422
D021081	D009422
D009421	D009422|D000013
D020752	D009422|D004476
D009423	D009422|D009371
D012893	D009422|D009461|D001523
D020258	D009422|D011041
D009461	D009422|D012816
D020196	D009422|D014947
D012148	D009422|D020447|D020919
D016543	D009423
D010524	D009423|D010523
D020361	D009423|D019636|D010257
D001139	D009436
D008591	D009436
D016135	D009436
D020968	D009443|D020516
D018318	D009455
D010243	D009461
D012640	D009461
D012678	D009461
D020879	D009461
D020233	D009461
D019954	D009461|D001520
D011681	D009461|D005128
D014832	D009461|D007818
D020820	D009461|D009069
D012021	D009461|D012018
D009442	D009463|D018358
D016518	D009464|D017253
D010523	D009468
D020511	D009468
D004402	D009477|D054969
D013606	D009494|D013118
D018330	D009506
D055882	D009506
D009508	D009506
D009507	D009508
D018329	D009508
D018331	D009508
D049328	D009508
D052536	D009542
D052537	D009542
D052556	D009542
D006103	D009668
D010254	D009668
D006986	D009748
D044343	D009748
D044342	D009748
D007228	D009748
D019282	D009748|D008659
D008659	D009750
D009748	D009750
D020417	D009759|D007232
D009767	D009765
D010845	D009765|D007040|D020181
D011218	D009765|D008607|D025063|D000015
D018923	D009784
D000382	D009784
D006610	D009784|D002493
D009783	D009784|D003877
D005901	D009798
D003803	D009807
D000564	D009808
D009810	D009808
D015827	D009855|D015822|D000079426
D015829	D009877|D014605|D015818|D013492|D015821
D017246	D009886|D017240
D009896	D009901
D009902	D009901
D010211	D009901
D015594	D009901
D005094	D009916
D015841	D009916
D016727	D009916
D014067	D009959
D015207	D010003
D020370	D010003
D055013	D010003|D025241
D010008	D010007
D002806	D010009
D004687	D010009
D005357	D010009
D010026	D010009
D015826	D010009
D020083	D010009
D057767	D010009
D000130	D010009|D004392
D060048	D010009|D004839
D006957	D010009|D015576
D006958	D010009|D015576|D007232
D012779	D010009|D017689|D000015
D015831	D010009|D018213
D003966	D010009|D030342
D030981	D010014|D001848
D010017	D010016
D005271	D010020
D015663	D010024
D008557	D010026
D010022	D010026
D010032	D010031
D010033	D010031
D007762	D010031|D007759
D010034	D010033
D008417	D010033|D010019
D059270	D010033|D010019
D010035	D010033|D013492
D004427	D010038
D010039	D010038|D006258
D010608	D010038|D009057
D007818	D010038|D012140
D009668	D010038|D012140
D004428	D010039|D004427
D009464	D010039|D009442|D003390|D000160
D009669	D010039|D009668|D012888|D012142
D010610	D010039|D010608
D007822	D010039|D012142|D007818
D011085	D010048
D016471	D010049
D016649	D010049
D009869	D010049|D000292
D010048	D010049|D003560
D008594	D010049|D008593
D000858	D010049|D010060
D008539	D010051
D061325	D010051|D009386|D001943
D018310	D010051|D013736|D018312
D001948	D010051|D018225
D006106	D010051|D018312
D013798	D010051|D018312
D018311	D010051|D018312
D017699	D010146
D002637	D010146
D009437	D010146|D010523
D005926	D010146|D014060
D010188	D010182
D010195	D010182
D018273	D010190|D000230
D021441	D010190|D044584
D019283	D010195
D050500	D010195
D019512	D010195|D020751
D018308	D010212
D010236	D010235
D043604	D010236
D006429	D010243
D010264	D010243
D011782	D010243
D020828	D010243
D012133	D010243|D012131
D020513	D010245
D020514	D010245
D012766	D010253|D048090|D016871
D010255	D010254|D009669
D012852	D010254|D012141
D008444	D010255
D005084	D010262
D005329	D010262
D008398	D010262
D010378	D010262
D012448	D010262
D014843	D010262
D018437	D010264
D016878	D010265|D000015|D011115
D008998	D010265|D006942
D006362	D010265|D008232
D006373	D010272
D011528	D010272
D050738	D010272
D020807	D010272|D002494
D007411	D010272|D007410
D015822	D010272|D015817
D011529	D010273|D011528
D006961	D010279
D007011	D010279
D010301	D010302
D010307	D010305|D012468
D010309	D010305|D012793
D016731	D010322|D017193|D004890
D006483	D010326|D016470
D004194	D010335
D004646	D010335
D006130	D010335
D006965	D010335
D007511	D010335
D008287	D010335
D009794	D010335
D014456	D010335
D034321	D010335
D053447	D010335
D020969	D010335
D011183	D010335
D008599	D010335
D009336	D010335
D006470	D010335
D006932	D010335
D005355	D010335
D007431	D010335
D012769	D010335
D007249	D010335
D009410	D010335
D003643	D010335
D008679	D010335
D006099	D010335|D008232
D001446	D010409
D010688	D010409
D011317	D010409
D010412	D010409|D005834
D004381	D010437
D010439	D010437
D013276	D010437
D004942	D010437|D004941
D015043	D010437|D013272|D007410|D009384|D005770
D000377	D010468
D066190	D010468
D010484	D010485
D010494	D010493
D005882	D010510
D010518	D010510
D055093	D010510
D010520	D010518
D055113	D010518
D010485	D010518|D010483
D009408	D010523
D009443	D010523
D011115	D010523
D011843	D010523
D020422	D010523
D020516	D010523
D020918	D010523|D001342
D052958	D010523|D003560
D018317	D010524|D009380
D002915	D010532
D010534	D010532|D000008|D004067
D008641	D010532|D007410|D001157
D008640	D010532|D008199
D010538	D010532|D059413
D000987	D010554
D001883	D010554
D003193	D010554
D003859	D010554
D006677	D010554
D010260	D010554
D012557	D010554
D012569	D010554
D009302	D010608
D007012	D010610
D009959	D010610
D009303	D010610|D009302
D014069	D010612
D010263	D010688
D011186	D010689|D014689
D013924	D010689|D020246
D017674	D010760
D054559	D010760
D013471	D010787|D002056
D000886	D010808|D001699|D008919
D001824	D010808|D010829
D001690	D010811
D008433	D010811
D048788	D010829
D002620	D010829
D004769	D010850
D018188	D010850
D003139	D010850|D012141
D017496	D010859
D017495	D010859
D014582	D010859|D034701
D000072659	D010900
D004652	D010900
D006964	D010900
D007018	D010900
D007177	D010900|D014883
D010899	D010900|D020300
D010916	D010915
D017515	D010915
D010927	D010922
D000037	D010922|D007744
D010921	D010922|D007744
D010923	D010922|D007744
D007842	D010939
D011030	D010995
D006491	D010995|D006470
D010997	D010995|D012142
D054363	D010997|D054364
D011001	D010998|D011014
D011123	D011003|D002869
D000782	D011003|D002869
D001195	D011009
D001607	D011009
D002095	D011009
D012806	D011009
D012829	D011009
D055008	D011009
D002205	D011009|D001172
D011015	D011014
D018410	D011014|D001424
D001996	D011014|D001982
D011024	D011014|D014777
D011020	D011014|D016720|D008172
D011017	D011015
D015651	D011041
D000075322	D011041
D005517	D011041
D010939	D011041
D011052	D011051
D016262	D011051|D020966|D019636
D057885	D011123
D057891	D011123
D007417	D011127
D009298	D011127|D009668
D011128	D011129
D020277	D011129
D020275	D011129|D010523
D006262	D011154
D017094	D011164|D008107|D012873
D017092	D011164|D012873
D004377	D011178
D017562	D011183|D001660
D008305	D011183|D007431
D012778	D011183|D008286
D011178	D011183|D013272
D015427	D011183|D014652
D004753	D011201|D018352
D012899	D011213
D014615	D011213
D015605	D011213
D008166	D011213|D002418
D008151	D011226
D007971	D011230|D020763
D006831	D011248
D010922	D011248
D011271	D011248
D011644	D011248
D016104	D011248
D007744	D011248
D005315	D011248|D009358
D011645	D011251|D011644
D000022	D011256|D011248
D011269	D011271
D011274	D011271
D065172	D011271
D065173	D011271
D011256	D011379|D011247
D056887	D011391
D011470	D011469
D011472	D011469
D011471	D011469|D005834
D011502	D011488
D006456	D011507
D000562	D011528
D003048	D011528
D014245	D011528
D016770	D011528
D056986	D011528
D020808	D011528|D020807
D014354	D011529|D002418|D014352
D004313	D011529|D014352
D014008	D011537|D014005|D005533
D011556	D011547
D001072	D011596
D011595	D011596|D020820
D012677	D011603|D009424
D012018	D011603|D009424|D009460
D011604	D011605|D019973|D020751
D011870	D011634
D004787	D011634
D015991	D011634
D004812	D011634|D008919
D008413	D011644|D001941
D007775	D011644|D001941
D019052	D011644|D003866
D050032	D011644|D013967
D054990	D011658
D011662	D011666
D015875	D011681
D015845	D011681
D015877	D011681
D054067	D011686
D007926	D011686|D038901|D020739
D055665	D011693
D011697	D011696|D019851
D011704	D011702|D009395
D011705	D011704
D046248	D011707
D004473	D011711|D013290|D017192
D017531	D011787
D011830	D011827|D011870
D010025	D011832
D001004	D012002
D011349	D012002|D005759
D012003	D012002|D007412
D015179	D012002|D007414|D003108
D006484	D012002|D014652
D000839	D012030
D001251	D012030
D006956	D012030
D009216	D012030
D011305	D012030
D015858	D012030
D014945	D012038
D016723	D012038|D009142
D012400	D012088
D010060	D012098
D011247	D012098
D055703	D012101
D000532	D012120
D012131	D012120
D000542	D012130|D017563
D001982	D012140
D008171	D012140
D010995	D012140
D013896	D012140
D014133	D012140
D012120	D012140
D015769	D012140|D006099
D012130	D012140|D006969
D012142	D012140|D013899
D008169	D012141|D000038|D008171
D048090	D012141|D002418
D012226	D012141|D007710|D017192|D009668
D007827	D012141|D007818
D059525	D012141|D007818
D011014	D012141|D008171
D012220	D012141|D009668
D007251	D012141|D009976
D010612	D012141|D010608
D010998	D012141|D010995
D016724	D012141|D010995|D004653
D014136	D012141|D014133
D014387	D012141|D014376|D007818
D014397	D012141|D014376|D008171
D014396	D012141|D014376|D010995
D007876	D012141|D016905
D045169	D012141|D018352
D008268	D012162
D015593	D012162
D041441	D012162
D058499	D012162
D000793	D012164
D012163	D012164
D012167	D012164
D012173	D012164
D018630	D012164
D019773	D012164
D056833	D012164
D015356	D012164|D001157
D015882	D012173
D002825	D012173|D002833
D016180	D012192
D009212	D012206
D018232	D012208
D018233	D012208
D005356	D012216|D009135
D011111	D012216|D009135
D012222	D012220
D012223	D012220
D065631	D012220|D012130
D010018	D012279
D012080	D012279|D006962|D007674
D063730	D012279|D017674
D014437	D012282
D014438	D012282
D012282	D012288
D012612	D012288
D005715	D012309|D007174
D001117	D012327
D002044	D012327
D006482	D012327
D009976	D012327
D010850	D012327
D012088	D012327
D012192	D012327
D014036	D012327
D017250	D012327
D018178	D012327
D018701	D012327
D019350	D012327
D030341	D012327
D004482	D012376|D011213
D045908	D012376|D011213|D018419
D012224	D012393|D012625
D012410	D012409|D000015
D008882	D012466
D010305	D012466
D012793	D012466
D012797	D012466
D013364	D012466
D014987	D012466
D020792	D012466|D002137
D012468	D012466|D009062
D013362	D012468
D010284	D012480
D014435	D012480
D014608	D012507
D017565	D012507|D017563
D003557	D012509
D058405	D012509
D012513	D012509|D009374
D008080	D012509|D018205
D012512	D012516
D018217	D012516
D012554	D012552
D012555	D012552
D012553	D012552|D014552
D020818	D012552|D020809
D012560	D012559
D012563	D012559
D045743	D012595
D045745	D012595
D012626	D012625|D012878
D055653	D012626|D055847|D012873
D013226	D012640
D010146	D012677|D009461
D000857	D012678
D014997	D012729|D059786
D006059	D012734
D047808	D012734
D050090	D012734
D058489	D012734
D058490	D012734
D058533	D012734|D025064
D004414	D012735|D020018
D007172	D012735|D020018
D061686	D012735|D020018
D052065	D012735|D020018|D014623
D004474	D012757|D011213
D012608	D012757|D017096
D008146	D012757|D018177
D001882	D012757|D018182
D009102	D012769
D012774	D012769|D014947
D003444	D012774|D000071576
D012811	D012810|D003110
D009041	D012816
D019588	D012816
D012817	D012816
D012818	D012816
D020924	D012816
D012877	D012816
D004487	D012816
D003248	D012817
D003967	D012817
D004415	D012817
D006963	D012817
D014839	D012817
D004844	D012818|D009668|D006470
D001049	D012818|D012120
D007040	D012818|D012131
D006685	D012818|D014832|D012120
D000874	D012829|D055008
D020225	D012851
D020226	D012851
D020227	D012851
D015521	D012852
D015522	D012852
D015523	D012852
D015524	D012852
D003914	D012857|D006330
D007979	D012857|D006330
D019339	D012868
D056732	D012868|D000015|D000592|D012873
D056733	D012868|D000015|D009232|D006338
D004476	D012868|D000015|D012873
D054463	D012868|D000015|D012873
D004535	D012868|D003095|D020141|D012873
D057088	D012868|D003240
D000169	D012868|D003872
D012593	D012868|D007232
D007057	D012868|D007642|D007232
D007184	D012868|D010859|D000015|D012873
D004820	D012868|D012872|D012873
D011561	D012868|D020141|D003240|D012873
D019871	D012868|D040181|D000080984|D012873
D014983	D012868|D049914|D010859|D011230|D012873|D010787
D011038	D012868|D049914|D012873|D007232
D001941	D012871
D003872	D012871
D005076	D012871
D005148	D012871
D006201	D012871
D006229	D012871
D007636	D012871
D007642	D012871
D007868	D012871
D009260	D012871
D010787	D012871
D011536	D012871
D011711	D012871
D012393	D012871
D012536	D012871
D012625	D012871
D012872	D012871
D012883	D012871
D013543	D012871
D017445	D012871
D017486	D012871
D017443	D012871
D017444	D012871
D008178	D012871|D003240
D012594	D012871|D003240
D012595	D012871|D003240
D015434	D012871|D003240
D054989	D012871|D005355
D000796	D012871|D006099|D004802
D005534	D012871|D009140
D010859	D012871|D010335
D014972	D012871|D015616
D003882	D012871|D017285|D003240
D008068	D012871|D052439
D011146	D012872|D004485
D004892	D012872|D004890
D006837	D012872|D010787
D006559	D012872|D011248
D016506	D012872|D012873
D053529	D012873
D057770	D012873
D010304	D012874|D009260
D012876	D012874|D010272
D002481	D012874|D013492|D003240
D009335	D012875|D017441
D008060	D012875|D052439
D004478	D012876
D011693	D012877|D006470|D001778
D007565	D012877|D006932
D004890	D012877|D012871
D011537	D012877|D012871
D013544	D012878|D013543
D003668	D012883
D054312	D012883|D009165
D019292	D012888
D020181	D012891
D020182	D012891
D020447	D012893
D020920	D012893
D000163	D012897|D015658
D000386	D012897|D015658
D019042	D012983|D009135
D003291	D013001
D006998	D013001
D057215	D013001
D005162	D013001
D001184	D013064
D004454	D013064
D001037	D013064
D005776	D013106
D055577	D013106
D052516	D013106
D005733	D013106
D009542	D013106|D015616
D012618	D013106|D015616
D013595	D013118
D009187	D013118|D002494
D009134	D013118|D016472
D000690	D013118|D016472|D057177
D013120	D013118|D016543
D020211	D013119|D001342
D015174	D013120
D012600	D013121
D013130	D013122
D055009	D013122
D055010	D013122
D055959	D013122
D013128	D013122
D013121	D013122
D013166	D013122|D001850
D002527	D013132
D001899	D013145
D007922	D013145
D006971	D013158
D050805	D013158
D015299	D013166
D025241	D013166|D001168
D013168	D013169
D012090	D013180
D013206	D013207
D005667	D013207|D005393
D007169	D013207|D013290
D017036	D013226
D013271	D013272
D017219	D013272
D000126	D013272|D000137
D045724	D013272|D004238
D013274	D013272|D005770
D018589	D013272|D010243
D020252	D013272|D016888
D013281	D013280
D013282	D013280
D013283	D013280|D006561
D009055	D013284|D005145|D041981
D004948	D013285
D005099	D013285
D011008	D013290
D012541	D013290
D004698	D013290|D004697
D004886	D013290|D017192
D013365	D013364|D012468
D000038	D013492
D004653	D013492
D052880	D013492|D009220
D013969	D013492|D013966
D007007	D013543
D008883	D013543
D016575	D013543
D006945	D013543
D004488	D013553
D004818	D013553
D019318	D013553|D018174
D012816	D013568
D020763	D013568
D010335	D013568
D065308	D013568
D011045	D013576
D011151	D013581
D000070779	D013585|D052256|D005870
D002601	D013587
D013592	D013587
D013590	D013587|D007232
D017180	D013610
D013617	D013610
D013613	D013617
D003551	D013622
D058456	D013684|D012164
D013706	D013705|D009209
D052256	D013708|D009135
D013330	D013724
D003884	D013724|D003560
D009920	D013733
D003456	D013733|D014564
D017085	D013789
D017086	D013789
D000529	D013812
D001602	D013832
D008477	D013896
D057049	D013921
D059885	D013921|D006391
D054098	D013921|D007232
D054868	D013921|D025063
D054556	D013923
D002542	D013923|D002561
D020246	D013927
D013945	D013953|D018193
D005067	D013959
D006042	D013959
D006980	D013959
D006981	D013959
D007037	D013959
D013966	D013959
D013968	D013966
D050031	D013967
D013958	D013971
D013985	D013986
D014009	D014005|D009260
D014006	D014005|D012536
D014007	D014006
D003238	D014024
D001825	D014024|D001826
D018355	D014036
D018354	D014036|D001102
D005928	D014060
D008260	D014060
D014063	D014060
D014064	D014060
D014062	D014060|D009062
D000848	D014071
D003744	D014071
D003805	D014071
D003811	D014071
D014096	D014071
D018126	D014071
D003788	D014076
D003807	D014076
D006936	D014076
D009050	D014076
D020254	D014076
D017001	D014076
D008310	D014076
D057085	D014076
D012391	D014091
D060750	D014102|D017760
D007816	D014120|D007815
D014124	D014123|D011529
D014126	D014123|D015822
D014125	D014123|D020808|D007232
D014135	D014133
D014134	D014133|D006258|D012142
D014137	D014133|D015619|D001982
D004310	D014188
D003003	D014201
D004011	D014201
D004451	D014201
D009889	D014201
D010237	D014201
D012552	D014201|D000079426
D005213	D014201|D006374
D005211	D014201|D008109
D010874	D014211|D017192
D015001	D014211|D017192
D006188	D014252
D010029	D014252
D014253	D014252
D004022	D014252|D006374
D031901	D014328
D014375	D014376
D014388	D014376
D014391	D014376
D018088	D014376
D055985	D014376
D014394	D014376|D001850
D014380	D014376|D002418
D014383	D014376|D004700
D014395	D014376|D010538
D014400	D014376|D013158
D014382	D014376|D017192
D020306	D014376|D020806
D014381	D014376|D053821
D010495	D014381|D010493
D008177	D014382
D014399	D014394|D013166
D012830	D014397|D012829
D014384	D014401|D005831
D008380	D014412|D001715|D006566|D008232
D001353	D014412|D001715|D007942|D012192
D030361	D014412|D004266
D020031	D014412|D006566
D016183	D014412|D012376|D012192
D001357	D014412|D012513|D001715|D012192
D011648	D014412|D012757|D000230|D012192
D015266	D014412|D018278|D027601
D014860	D014412|D030361|D017193
D014517	D014515
D014518	D014515
D014524	D014522
D014526	D014522
D004842	D014522|D014564
D014525	D014524
D001437	D014552
D011776	D014552
D004775	D014555|D001526|D019960
D001746	D014564|D001745
D007021	D014564|D010409
D005833	D014565
D014571	D014565
D001745	D014570
D007674	D014570
D014515	D014570
D014522	D014570
D014555	D014570
D052878	D014570
D007680	D014571|D007674
D014516	D014571|D014515
D002577	D014591
D006409	D014591
D055112	D014591
D062788	D014591
D004716	D014591|D000292
D014594	D014591|D005833
D019687	D014591|D007744
D016889	D014594
D007499	D014603
D014605	D014603
D015862	D014603
D014604	D014603|D005134
D015864	D014605
D015867	D014605
D007500	D014606|D007499
D014627	D014623
D019522	D014623
D059268	D014627
D016585	D014627|D001424
D014247	D014627|D014245
D014848	D014627|D014847
D009154	D014644
D000798	D014652
D001018	D014652
D001157	D014652
D006973	D014652
D007022	D014652
D013479	D014652
D013684	D014652
D014648	D014652
D014657	D014652
D014689	D014652
D016491	D014652
D016888	D014652
D019559	D014652
D000783	D014652
D016769	D014652
D002561	D014652|D001927
D014646	D014652|D005832
D013159	D014652|D007238|D013158
D011668	D014652|D008171
D003161	D014652|D009135
D013901	D014652|D009408
D018917	D014652|D009901
D020758	D014652|D013118
D000799	D014652|D014581
D012170	D014652|D020246|D012164
D003925	D014652|D048909
D001167	D014657
D056647	D014657
D055952	D014657|D000160|D005128
D001025	D014657|D001018
D013919	D014657|D001157
D031300	D014657|D012164
D010689	D014657|D016491
D012790	D014657|D020141
D011695	D014657|D020141|D011693|D007105
D020293	D014657|D020274|D002561
D013349	D014715
D002771	D014735
D012897	D014777
D004266	D014777
D012327	D014777
D014412	D014777
D001102	D014777|D000079426
D020805	D014777|D002494
D015673	D014777|D004679|D009135|D009468
D006525	D014777|D006505
D006524	D014777|D006520
D015229	D014777|D012749
D017193	D014777|D012874
D015828	D014777|D015817
D014766	D014777|D018805
D001766	D014786
D009755	D014786
D012607	D014786
D002796	D014804
D010383	D014804
D014806	D014804
D026681	D014804
D013832	D014804
D012279	D014808|D002128|D001851
D006475	D014813|D007228|D007232
D055154	D014832
D048968	D014839|D011248
D056725	D014842
D056728	D014842
D056729	D014842
D007724	D014845
D014847	D014845
D056650	D014845
D014846	D014845|D005833
D002181	D014848|D002177
D004819	D014860
D003218	D014860|D015229
D007008	D014883
D014869	D014883|D011041
D002921	D014945|D006097|D005355
D002056	D014947
D050723	D014947
D000071576	D014947
D001469	D014947
D025981	D014947
D001134	D014947
D019567	D014947
D007869	D014947
D000070599	D014947
D013708	D014947
D013180	D014947
D013898	D014947
D004204	D014947|D007592
D001733	D014947|D011041
D011832	D014947|D011830|D000069079
D019294	D014973|D008052
D058252	D014973|D017441|D006099
D012859	D014987|D001172|D015352
D015012	D015009
D010930	D015009|D000079426
D005764	D015154
D011004	D015154
D007029	D015173|D007027
D003110	D015179
D012004	D015179
D020295	D015192
D002528	D015192|D002526
D003093	D015212|D003092
D015223	D015217|D007232
D002602	D015231|D006192
D013587	D015231|D014211
D006100	D015231|D017192|D004756
D005633	D015318
D007888	D015323|D028361|D020739
D015324	D015323|D028361|D020739
D055955	D015356|D009461|D004427|D002561|D014786|D005132
D002467	D015388|D042541
D002607	D015417
D015419	D015417
D056768	D015417|D010523
D012035	D015417|D020739|D018901
D014929	D015418|D003922|D003919|D054062
D029241	D015418|D028361
D029242	D015418|D028361
D015423	D015422
D010201	D015434
D015451	D015448
D015459	D015458
D054066	D015458
D015461	D015458|D015463
D054403	D015463|D015448
D015465	D015464
D007947	D015470
D007948	D015470
D015471	D015470
D015473	D015470
D000608	D015499
D005198	D015499
D011546	D015499
D053579	D015499
D056929	D015499
D000141	D015499|D000138
D006030	D015499|D006029
D001477	D015499|D006929
D007015	D015499|D017674|D008664
D009800	D015499|D020157|D040181|D030342|D020739|D000015
D057973	D015499|D040181
D005096	D015576
D004057	D015576|D013128
D015616	D015614
D015620	D015614|D009370
D006646	D015614|D017563
D015618	D015616
D031249	D015616
D001998	D015619
D001994	D015619|D003560|D001982
D007829	D015619|D007818
D059608	D015619|D007818
D015615	D015619|D008171
D002754	D015619|D009668
D054739	D015620
D054740	D015620
D054747	D015620
D054752	D015620
D004881	D015651
D006102	D015769|D012131|D007818
D056846	D015785|D000015|D004392|D003240
D003317	D015785|D003316
D003103	D015785|D005124
D015783	D015785|D005124|D007499
D057826	D015785|D008268
D012162	D015785|D012164
D057130	D015785|D012164
D004370	D015785|D015835
D015799	D015785|D015862
D000417	D015785|D017496|D000592|D012873
D012175	D015785|D019572|D018302
D015418	D015785|D020271|D009896
D058540	D015785|D040181|D000013|D061085
D015794	D015785|D040181|D015862
D058494	D015785|D054222|D009136
D012174	D015785|D058499
D009877	D015817
D014392	D015818
D015823	D015822|D007634|D000562
D003236	D015828|D003231
D017726	D015828|D012173|D003586
D010202	D015829
D018216	D015831
D009759	D015835
D015840	D015835
D020333	D015835
D013285	D015835
D009886	D015835|D010243
D019846	D015835|D020275|D002526
D053578	D015835|D020361|D009207
D000270	D015845|D015840|D001342
D002830	D015862|D014604
D002833	D015862|D015866
D015866	D015864
D014606	D015864
D015868	D015867|D002833
D006732	D015877|D001342
D001699	D015991|D013223
D017488	D016113
D017490	D016113
D056770	D016113|D000015|D012873
D001023	D016127
D014263	D016127
D016136	D016135
D016137	D016135
D007412	D016154|D007410
D001164	D016157|D001165
D001159	D016157|D054079
D015658	D016180|D007153|D015229
D004859	D016180|D012897|D006734
D016097	D016180|D012897|D008992
D011021	D016180|D012897|D012757
D016182	D016180|D012897|D012757
D058674	D016296|D002869
D057345	D016296|D009154
D016403	D016393
D018442	D016393
D054685	D016393
D008230	D016393|D011230
D016410	D016399
D016411	D016399
D017728	D016399
D054391	D016399
D058527	D016399
D000069293	D016403
D009182	D016410
D017731	D016410
D054446	D016410
D012751	D016410|D008232
D003554	D016464
D054880	D016464
D044904	D016464|D002239
D009083	D016464|D002239|D017520
D015217	D016464|D008064
D058631	D016464|D010009|D030342
D020140	D016464|D020739
D010244	D016472
D004916	D016491
D011928	D016491
D058729	D016491|D050197
D008577	D016543
D001932	D016543|D001927
D020288	D016545
D004654	D016724|D014396
D013927	D016769
D004617	D016769
D013923	D016769
D007897	D016773
D016774	D016773
D001742	D016778
D000881	D016863
D001442	D016866
D008589	D016870
D009878	D016870|D003234|D007232
D006069	D016870|D015231
D000189	D016871
D006192	D016871
D010326	D016871
D016890	D016881
D000711	D016905
D001476	D016905
D001885	D016905
D002006	D016905
D002169	D016905
D002694	D016905
D011552	D016905
D011778	D016905
D011906	D016905
D013145	D016905
D014735	D016905
D016481	D016905
D016866	D016905
D019121	D016905
D045824	D016905
D045825	D016905
D045828	D016905
D016871	D016905
D004756	D016905
D016870	D016905
D009180	D016905
D012288	D016905|D000079426
D014211	D016905|D013145
D014406	D016905|D017282
D016873	D016905|D017282|D000711
D000193	D016908
D003015	D016908
D008088	D016908
D013203	D016908
D013290	D016908
D016863	D016908
D039941	D016908
D020814	D016920|D004927
D008583	D016920|D006192
D008586	D016920|D011008
D014390	D016920|D020306
D016919	D016921|D003453
D003731	D017001
D015160	D017085|D004899|D004487
D017114	D017093
D017118	D017094
D017119	D017094
D017121	D017094
D046349	D017094
D046350	D017094
D046351	D017094
D007729	D017096
D016171	D017180
D017189	D017188
D014235	D017189
D014257	D017189
D017191	D017190
D017196	D017190
D017206	D017190
D017205	D017190
D001196	D017191
D001198	D017191
D017227	D017191
D014120	D017191|D006374
D017129	D017191|D007411
D000197	D017192|D000196
D004894	D017192|D003354
D013207	D017192|D013203
D017497	D017192|D013492|D016575
D013591	D017192|D013587
D006561	D017193|D006566
D008976	D017193|D011213
D005077	D017193|D019349|D005076
D013322	D017196
D054058	D017202
D003327	D017202
D004320	D017205
D005368	D017205
D058429	D017205
D006725	D017206
D009814	D017206
D014252	D017206
D011707	D017219
D014720	D017250|D013553
D009456	D017253|D010523
D013705	D017271|D009057|D007592
D013801	D017282|D011529|D002418|D011528
D001404	D017282|D011529|D011528
D000073605	D017282|D012282
D003240	D017437
D012871	D017437
D016460	D017441|D006099
D010267	D017444
D011565	D017444
D017512	D017444
D010915	D017444
D013625	D017445|D001167|D001015
D010488	D017445|D001167|D056647
D016917	D017445|D001474|D000798|D017192
D018860	D017445|D002561
D014581	D017445|D006969
D001528	D017445|D009059|D014606|D014657|D056660
D017511	D017445|D012883|D011711
D054853	D017445|D014657|D001157
D009080	D017445|D014657|D008206
D054068	D017445|D016491|D012877
D013700	D017445|D020293|D001167
D011040	D017449
D017454	D017449|D010787
D017484	D017453|D010787
D000153	D017486|D007627|D005499
D008548	D017495
D014820	D017496
D008010	D017512
D017513	D017512
D018459	D017512
D017514	D017512|D010915|D010267
D053718	D017520
D009230	D017520|D007037
D000507	D017520|D012625|D000505
D012592	D017520|D012871
D011787	D017530|D006298
D003397	D017599
D017600	D017599
D018358	D017599
D018302	D017599|D009375
D011657	D017681|D008171
D054975	D017689|D000015|D006222|D007029
D055958	D017699|D020426|D009408|D009437
D018438	D017700|D016491
D017689	D017880
D059327	D017880
D038061	D017880
D013796	D017880|D000130|D007232
D016715	D017880|D001848|D006223|D000015
D013576	D017880|D013580
D008575	D018159
D053570	D018173|D013553
D018182	D018178
D018177	D018178
D001912	D018182|D002418
D030243	D018182|D002418
D006691	D018182|D013553
D010253	D018184
D018185	D018184
D019351	D018184
D045463	D018184
D045464	D018184
D018186	D018184
D008457	D018185
D018357	D018186
D008202	D018190
D008203	D018190|D008232
D008204	D018190|D012509
D000235	D018193
D008637	D018193
D009208	D018193
D018194	D018193
D018197	D018193
D018198	D018193
D018335	D018193
D018196	D018193|D002277
D018201	D018193|D007680
D018202	D018193|D008175
D058617	D018193|D008223
D002296	D018193|D012509
D018195	D018193|D012509
D018203	D018193|D036821
D009379	D018204
D012509	D018204
D054973	D018204
D018205	D018204
D009372	D018204|D003240
D008067	D018205
D018206	D018205
D018209	D018205
D010016	D018213
D018215	D018213
D018212	D018213|D005870
D012516	D018213|D012509
D005350	D018218
D018224	D018218
D051642	D018218
D054364	D018218
D018225	D018218|D009375
D005354	D018218|D012509
D000232	D018225
D018226	D018225
D004407	D018237
D018239	D018237
D009447	D018241
D018241	D018242
D005935	D018273
D015408	D018273
D003969	D018273|D018278
D013005	D018273|D018278
D007725	D018279
D018285	D018281
D062688	D018289|D003218
D018266	D018294|D000230
D018280	D018294|D000230
D006607	D018294|D000236
D018296	D018295
D011553	D018297
D018298	D018297
D062625	D018297|D000232
D018300	D018299
D005729	D018302
D005910	D018302
D018242	D018302
D018306	D018302|D001932
D010212	D018307
D002291	D018307|D002277
D002294	D018307|D002277
D018289	D018307|D002277
D049309	D018307|D012878
D018312	D018309
D007984	D018310
D012707	D018310
D009455	D018317
D009463	D018317
D018321	D018317|D009232
D018325	D018324
D009506	D018326
D008545	D018326|D018358
D018332	D018331
D006509	D018347|D006525
D005761	D018352|D013553
D011818	D018353
D004810	D018353|D002418
D031941	D018353|D014766|D005393
D065632	D018354|D001102
D012409	D018355
D010235	D018358
D054079	D018376
D006330	D018376|D006331
D011019	D018410|D009175
D011018	D018410|D011008
D011022	D018410|D012288
D011023	D018410|D013203
D045729	D018410|D013553
D061387	D018410|D023521|D002690
D048089	D018410|D048090
D008992	D018419
D018420	D018419
D054549	D018487
D014071	D018640|D014076
D018184	D018701
D018353	D018701
D018702	D018701
D001890	D018701|D000820
D018487	D018754
D006480	D018778|D006482
D018804	D018778|D012131
D004671	D018792|D001102|D012327
D020803	D018792|D006566
D007968	D018792|D012897|D003711|D027601|D056784
D013344	D018792|D012897|D008457
D004683	D018792|D018354|D004671|D004679
D018512	D018805|D010272
D012772	D018805|D018746
D018777	D018876
D018877	D018876
D020642	D018901
D011087	D019046|D009196
D008554	D019121
D005896	D019121|D006734
D019190	D019189
D018798	D019189|D000747
D006486	D019190
D005886	D019214
D019247	D019282|D015658
D019046	D019337|D001855
D009107	D019351|D010309
D055947	D019465|D001014|D000784|D030342|D000015
D003394	D019465|D004413
D009634	D019465|D006330|D003240
D044542	D019465|D006330|D011666|D000015|D007911
D058165	D019465|D007011|D025063|D006330|D000015|D044148
D012415	D019465|D008607|D025063|D004413|D000015
D002973	D019465|D010009
D003398	D019465|D013580
D019767	D019465|D018640
D056730	D019465|D025063|D000015|D004392
D016142	D019465|D025063|D000015|D061085
D056685	D019465|D030342|D000015
D056731	D019465|D030342|D003920|D000015
D009958	D019465|D030342|D004413|D000015|D025064
D058627	D019465|D065703
D008831	D019465|D065703
D007973	D019522
D013124	D019567
D020339	D019574|D005910
D020955	D019578
D009849	D019578|D013132
D011559	D019586
D020343	D019586
D003804	D019589
D024801	D019636
D017096	D019636|D002494
D016472	D019636|D009468
D007569	D019767|D007571
D002636	D019767|D030342|D007571|D005357
D003943	D019937
D010808	D019937
D010468	D019954
D011596	D019954
D003221	D019954
D008569	D019954
D001289	D019958
D019955	D019958
D003527	D019964
D003866	D019964
D003072	D019965
D003704	D019965|D001927
D002189	D019966
D010623	D019966
D013375	D019966
D019969	D019966
D019973	D019966
D000079524	D019966
D009357	D019966|D007232
D011605	D019966|D011618|D011041
D002194	D019967
D011618	D019967
D012559	D019967
D000437	D019973
D020751	D019973
D000068116	D020018
D007244	D020031|D007960|D008232
D017733	D020031|D007972
D002051	D020031|D016393
D009091	D020096
D012614	D020141|D001206
D006392	D020141|D006391
D003449	D020141|D010265
D008258	D020141|D010265|D054219|D008232
D009101	D020141|D010265|D054219|D008232
D011694	D020141|D011693
D012497	D020143
D013661	D020143
D049290	D020143
D006250	D020157|D020739|D000608
D020192	D020191|D020271
D020194	D020191|D020271
D017243	D020191|D020739|D017237
D006259	D020196
D020214	D020196|D002561
D013119	D020196|D014947|D013118
D020260	D020258
D020268	D020258|D020751
D020262	D020260|D008630
D000170	D020262|D010523
D020269	D020268|D011115
D000430	D020268|D013375|D019973
D000425	D020268|D019973
D006816	D020271|D001480|D003704|D003072|D002819
D005879	D020271|D001480|D013981
D006211	D020271|D001480|D019150|D009069
D013132	D020271|D002526|D013118
D009472	D020271|D008064
D009477	D020271|D009421|D011115
D015417	D020271|D009421|D011115
D016098	D020271|D017096
D020279	D020271|D020739|D003711|D056784
D009224	D020271|D020967
D009223	D020271|D020967|D009136
D011129	D020274|D003711|D011115
D020278	D020274|D003711|D056784
D016750	D020274|D013118|D009468
D014607	D020274|D014605
D004673	D020278
D009103	D020278
D002549	D020278|D001927
D004684	D020278|D004673
D004681	D020278|D020721
D007965	D020279|D013106
D017825	D020279|D020271
D038261	D020279|D020271
D000326	D020279|D038901|D000309|D020739|D018901
D020371	D020279|D040181
D007966	D020279|D052516
D020943	D020293|D001167|D015658
D002543	D020300
D013345	D020300
D020953	D020314|D000072742|D001228
D016921	D020314|D008581
D020364	D020361|D011115
D060426	D020361|D020274|D004660
D009157	D020361|D020274|D020511
D009188	D020361|D020278|D009187
D020363	D020361|D020805|D004660
D020423	D020422
D020424	D020422
D020425	D020422
D020426	D020422
D020427	D020422
D020428	D020422
D020429	D020422
D002349	D020423|D012090|D009408
D017769	D020424|D012090|D009408
D020430	D020424|D017769
D012585	D020426|D009437
D013641	D020429|D009408
D014277	D020433
D020183	D020447
D020921	D020447
D020923	D020447
D002544	D020520
D020526	D020520
D014854	D020526
D010302	D020734
D008375	D020739|D000592
D010661	D020739|D000592
D020167	D020739|D000592
D020176	D020739|D000592
D056806	D020739|D000592
D052919	D020739|D018901
D054000	D020752|D000015|D009506
D017827	D020754
D020760	D020758
D020759	D020760
D006547	D020763
D011127	D020763
D001284	D020763
D002137	D020763
D014102	D020763
D009264	D020763
D011391	D020763
D005402	D020763
D006984	D020763
D004240	D020763|D000076385
D002539	D020765
D002532	D020765|D000783
D002538	D020765|D002561|D020785|D001165
D012851	D020767
D051270	D020773
D012465	D020792
D015494	D020792
D009494	D020806|D013587
D020809	D020807
D013354	D020819|D004653
D002819	D020820
D001259	D020820
D009207	D020820
D008538	D020821|D001480
D004422	D020821|D020271|D001480
D016080	D020863|D003560
D017696	D020914
D020512	D020914
D012019	D020918
D002422	D020918|D009437
D007319	D020919
D006970	D020919
D020919	D020920
D013009	D020921
D020187	D020923
D059411	D020924
D011507	D020924|D014555
D000208	D020969
D007049	D020969
D058496	D021081|D025063|D000015
D018980	D021921|D008607|D025063
D042581	D022003
D015388	D022083
D009956	D023521
D023903	D023921
D000544	D024801|D003704
D025064	D025063
D001506	D025063|D000015
D019280	D025063|D000015
D054877	D025063|D000015
D058495	D025063|D000015
D017204	D025063|D000015|D009069
D025242	D025241
D013167	D025242|D000844
D015535	D025242|D001168|D011565
D016918	D025242|D001170
D055652	D025861|D001791
D020151	D025861|D001796|D019851
D020152	D025861|D001796|D019851
D022861	D025861|D010981|D016115
D020016	D025861|D019851|D020147
D006620	D025981|D005264
D030401	D028361|D008661
D017240	D028361|D009135
D005621	D028361|D013132
D011656	D029424
D029503	D029502|D012010
D018174	D030341
D003333	D030341
D040181	D030342
D050174	D030342
D000072661	D030342|D000015
D009261	D030342|D000015|D009260|D007592
D065768	D030342|D000073376
D029502	D030342|D000741|D000080984
D000745	D030342|D000743
D025861	D030342|D001778
D010004	D030342|D001847|D007592
D007619	D030342|D001987|D002925|D015619|D003914
D058747	D030342|D003103|D000015
D053306	D030342|D004406|D000081207
D015785	D030342|D005128
D016738	D030342|D006330|D000015|D002780
D050010	D030342|D006981
D000081207	D030342|D007153
D015499	D030342|D007674|D008661
D031845	D030342|D009139|D030981
D003550	D030342|D010182|D008171|D007232
D000699	D030342|D010523
D056684	D030342|D010859|D009260|D009264
D012873	D030342|D012871
D056660	D030342|D012873
D020271	D030342|D019636
D020294	D030342|D020511
D009136	D030342|D020966
D006828	D031901
D003639	D034381
D046089	D034381
D006319	D034381
D003638	D034381
D054705	D034701|D034801
D007946	D034721|D007938|D015470
D005532	D038061|D005530
D015518	D038901
D038921	D038901
D007706	D038901|D008664|D006201|D020739
D016532	D038901|D009083
D015325	D038901|D015323|D028361|D020739
D005600	D038901|D025064
D054221	D038901|D054081|D054082
D053358	D040181|D004476
D005489	D040181|D004476|D004413
D006015	D040181|D006008
D056889	D040181|D006330|D000015|D008052
D016114	D040181|D007057|D043202|D012873
D020388	D040181|D009136
D020389	D040181|D009136
D006105	D040181|D010585
D038901	D040181|D020271|D008607
D020163	D040181|D056806
D002875	D040342|D022082|D042581
D003130	D040921
D013313	D040921
D007082	D041741|D007421
D041882	D041881
D041741	D041981
D007422	D041981
D003593	D042541
D043204	D043202
D004239	D043963|D004238
D008201	D044148|D008200
D003677	D044342
D000067011	D044342
D009765	D044343|D050177
D018270	D044584|D001943
D006943	D044882
D006946	D044882
D007003	D044882
D006029	D044882|D014555
D008363	D044904
D044905	D044904
D007418	D045823
D005674	D045825
D000151	D045828
D004461	D046110
D011225	D046110
D017359	D046110
D047268	D046151|D006042
D006552	D046449
D006555	D046449
D002979	D046468|D055703
D046729	D046728
D046730	D046728
D011016	D048090
D017093	D048550
D006128	D048788
D003928	D048909|D007674
D003929	D048909|D010523
D006939	D048968
D001835	D049628|D012816
D009347	D049913
D049932	D049914
D001816	D049914|D000015|D000081207
D016511	D049914|D000081207|D007232
D001260	D049914|D013684|D030342|D020754|D020752|D000081207
D003057	D049914|D020271|D000015|D004392
D005199	D049914|D029502
D014898	D049914|D030342
D046151	D050033
D006949	D050171
D007009	D050171|D008052
D019082	D050171|D043202|D000015|D008052
D005598	D050723
D011885	D050723|D005543
D014458	D050723|D005543
D013978	D050723|D007869
D005264	D050723|D007869
D016103	D050723|D013124
D012227	D050738
D008881	D051270
D051303	D051270
D003027	D051303
D050798	D051303
D051302	D051303
D007676	D051436
D051436	D051437
D058186	D051437
D059347	D051437|D006333
D007567	D051556
D018219	D051642
D051677	D051642|D012509
D007691	D052177
D007690	D052177|D000072661|D000015
D021782	D052177|D014564
D013717	D052256
D000070639	D052256
D053682	D052256
D050171	D052439
D014973	D052439
D013631	D052456|D011115
D052517	D052516
D005831	D052776
D014570	D052776|D052801
D014564	D052776|D052801|D000013
D014565	D052776|D052801|D009371
D014401	D052776|D052801|D014376
D005832	D052801
D014545	D052878|D002137
D053040	D052878|D007674
D053039	D052878|D014515
D052582	D053682
D053684	D053682
D020785	D054079|D009421
D001165	D054079|D014652
D016157	D054079|D014652|D005402
D012587	D054079|D014652|D015619|D008171
D062108	D054079|D016491
D013683	D054079|D020141|D013684
D054082	D054081
D054091	D054081
D054222	D054081|D054082
D056828	D054179
D010954	D054219|D008232
D065703	D054220
D054081	D054220
D065704	D054220
D054970	D054969
D018192	D054973|D008203
D018207	D054973|D018205
D018549	D054988|D001989
D054988	D054990|D017563
D013169	D055009
D055371	D055370
D055397	D055370
D011009	D055370|D009784|D017563
D017564	D055370|D011832|D017563
D008471	D055370|D012120|D005315|D007232
D001997	D055397|D007235
D011827	D055585
D010641	D055614
D011003	D055614
D014644	D055614
D016296	D055614
D040342	D055614
D009142	D055687
D009424	D055687
D009063	D055688
D012098	D055703
D046468	D055703|D048788
D015439	D056005
D015441	D056005
D015440	D056006
D015267	D056648|D006099
D014890	D056648|D017563
D055953	D056648|D059345
D010505	D056660
D056587	D056660
D054078	D056660|D020739|D006942|D018901
D054038	D056784|D020343
D020159	D056806
D020162	D056806
D056807	D056806
D020165	D056806|D028361
D014352	D056986
D007896	D056986|D000079426|D012876
D006463	D057049|D000743|D014511
D014077	D057085
D000686	D057165
D057177	D057165|D019636
D000080874	D057165|D019636
D057180	D057174
D057178	D057174|D018888
D020774	D057180
D007446	D057345|D002869
D004062	D058165
D007683	D058186
D058285	D058267
D058387	D058365|D016469
D058531	D058489
D023961	D058489|D006059
D017588	D058489|D047808
D006061	D058490|D006059
D030321	D058490|D009396
D017624	D058490|D009396|D008607|D025063|D015783
D017436	D058490|D030342|D007006
D052159	D058490|D030342|D007676
D013734	D058490|D040181
D005611	D058533|D002418
D006060	D058533|D006059
D014424	D058533|D006330|D006059
D065705	D058627
D014314	D058674|D000782
D058670	D058674|D000782
D046589	D059345|D002544|D030342|D002539|D015140
D028243	D059345|D016657|D028226|D020739
D017241	D059345|D020739|D017237
D000795	D059345|D040181|D013106
D001064	D059413|D002429|D005759
D004826	D059525
D059786	D059785|D002869
D060487	D060605
D060585	D060605
D060905	D060750
D055673	D061085
D002471	D063646
D053098	D063730|D007015
D011041	D064419
D064420	D064419
D019966	D064419|D001523
D020230	D064420
D017109	D064420|D020258|D009069|D011595
D004409	D064420|D020820|D020258
D013986	D064927
D000081483	D065308
D065311	D065308|D002278|D000230
D006255	D065631
D002559	D065634
D065706	D065704
D065708	D065704|D008831
D002658	D065886
D002659	D065886
D019956	D065886
D019957	D065886
D019958	D065886
D001010	D065886|D001008
D007859	D065886|D003147
D013981	D065886|D009069
D009155	D065886|D013064
D003147	D065886|D019954
D008607	D065886|D019954
D013398	D066088|D003645